{
    "name": "wake_word",
    "roles": [
        "wake_word"
    ],
    "lookups": [
        "free-text",
        "keywords"
    ],
    "keywords": [
        {
            "keyword": "Hey Met-uh",
            "synonyms": [
                "hey met-uh"
            ]
        },
        {
            "keyword": "Hey Meta",
            "synonyms": [
                "hey meta"
            ]
        },
        {
            "keyword": "Hey Metu",
            "synonyms": [
                "hey metu"
            ]
        },
        {
            "keyword": "Hey water",
            "synonyms": [
                "hey water"
            ]
        },
        {
            "keyword": "Hi Meta",
            "synonyms": [
                "hi meta"
            ]
        },
        {
            "keyword": "Listen Meta",
            "synonyms": [
                "Listen Meta"
            ]
        }
    ]
}
